{"timestamps": [1504748114.577844, 1504748123.803957, 1504748131.169432, 1504748140.560638, 1504748141.888776, 1504748143.722958, 1504748145.594798, 1504748155.232451, 1504748157.312431, 1504748160.23271, 1504748175.999696, 1504748177.875129, 1504748180.694824, 1504748199.259426, 1504748201.870301, 1504748203.05101, 1504748226.009155, 1504748228.594772, 1504748230.262952, 1504748251.335402, 1504748252.360281, 1504748253.397803, 1504748254.462544, 1504748255.588593, 1504748280.807591, 1504748281.859863, 1504748282.825213, 1504748284.320697, 1504748286.356376, 1504748287.374333, 1504748323.130377, 1504748327.266883, 1504748364.070897, 1504748365.349372, 1504748366.612122, 1504748367.861023, 1504748369.19006, 1504748370.495866, 1504748413.308071, 1504748416.455686, 1504748461.275237, 1504748462.419605, 1504748463.668361, 1504748464.824734, 1504748465.957402, 1504748467.099503, 1504748514.957655, 1504748516.05762, 1504748517.27265, 1504748518.493541, 1504748519.659905, 1504748569.586711, 1504748570.680023, 1504748571.860862, 1504748573.021212, 1504748574.169789, 1504748575.344677, 1504748630.69042, 1504748631.826934, 1504748633.02278, 1504748634.225857, 1504748635.396085, 1504748636.364349, 1504748696.772996, 1504748698.420804, 1504748700.578461, 1504748701.616059, 1504748702.790069, 1504748765.065304, 1504748766.178263, 1504748767.359882, 1504748768.530455, 1504748769.679127, 1504748770.815793, 1504748837.802684, 1504748838.937856, 1504748840.086421, 1504748841.198433, 1504748842.319907, 1504748843.446789], "initial_reset_timestamp": 1504748109.397811, "episode_types": ["t", "t", "t", "t", "t", "t", "t", "t", "t", "t", "t", "t", "t", "t", "t", "t", "t", "t", "t", "t", "t", "t", "t", "t", "t", "t", "t", "t", "t", "t", "t", "t", "t", "t", "t", "t", "t", "t", "t", "t", "t", "t", "t", "t", "t", "t", "t", "t", "t", "t", "t", "t", "t", "t", "t", "t", "t", "t", "t", "t", "t", "t", "t", "t", "t", "t", "t", "t", "t", "t", "t", "t", "t", "t", "t", "t", "t", "t", "t", "t"], "episode_lengths": [83, 120, 113, 101, 42, 59, 59, 54, 49, 64, 63, 62, 75, 95, 84, 39, 70, 82, 53, 57, 33, 33, 34, 36, 34, 34, 31, 36, 36, 33, 27, 125, 64, 34, 34, 33, 33, 34, 58, 93, 92, 34, 36, 34, 34, 34, 33, 33, 36, 36, 35, 34, 32, 35, 35, 34, 35, 34, 34, 36, 35, 35, 28, 34, 35, 36, 31, 35, 34, 33, 34, 34, 34, 34, 35, 34, 35, 33, 33, 34], "episode_rewards": [-32.88188171386719, 376.1831817626953, 242.48980712890625, 297.57225036621094, 157.29954528808594, -27.301986694335938, 78.26577758789062, -106.9488525390625, -70.87442016601562, 36.124176025390625, -115.99256896972656, -115.99275207519531, -115.992431640625, -115.99287414550781, -115.99607849121094, -115.94932556152344, 50.380523681640625, -115.99357604980469, -115.99917602539062, 2281.9424591064453, 2283.6232299804688, 2281.077606201172, 2281.233657836914, 2283.4608154296875, 2285.0280151367188, 2276.2586364746094, 1004.8017883300781, 2279.5455017089844, 2279.9642486572266, 2276.9020233154297, 507.04876708984375, -115.98818969726562, -88.33729553222656, 2278.955841064453, 2278.330551147461, 2280.147659301758, 2279.0462951660156, 2284.0482025146484, 818.5074615478516, -115.99885559082031, 653.4585876464844, 2277.190460205078, 2276.6024627685547, 2284.309524536133, 2280.447311401367, 2280.1334381103516, 2280.8714752197266, 1100.154312133789, 2284.6483001708984, 2284.817581176758, 2278.123031616211, 2282.840042114258, 2280.379150390625, 2281.4193572998047, 2279.740463256836, 2283.3072204589844, 2280.35107421875, 2279.552703857422, 2284.205093383789, 2276.0879974365234, 2277.9805908203125, 2278.8316955566406, 944.2534332275391, 2284.5604553222656, 2284.264450073242, 2280.8987731933594, 951.8678741455078, 2276.0646362304688, 2283.177490234375, 2281.8701171875, 2283.2757873535156, 2276.617706298828, 2277.797164916992, 2277.664352416992, 2276.1255493164062, 2282.406463623047, 2283.2706146240234, 2278.9967193603516, 2278.5301666259766, 2282.9864349365234]}